"quarter","grossSR","netSR","grossCR","netCR","av.daily.ntrades","grossPnL","netPnL","stat"
"2021_Q1",2.03178079401716,1.5652233429135,9.17417048941727,6.4664706842597,10.5396825396825,29813.6000000003,23173.6000000003,20.3242059493541
"2021_Q3",0.0706449805681383,-0.59186199463945,0.153556818169442,-1.23711876596953,10.6060606060606,736.440000000157,-6263.55999999984,-2.26980206438959
"2021_Q4",4.20269747268403,3.68336140478502,15.1612848449314,13.155218752968,10.2121212121212,58248.0499999993,51508.0499999993,51.8544270531031
"2022_Q2",0.113292260278838,-0.142852252956209,0.225193760852535,-0.263713613616372,10.7692307692308,3085.75999999981,-3914.24000000019,-0.359869184029429
"2022_Q4",-0.786921508066121,-1.10143758143479,-1.63273693712294,-2.23063147405543,10.0615384615385,-15974.0600000002,-22514.0600000002,-6.94649870516748
"2023_Q1",1.42608893384646,1.00179258975751,3.87789278356683,2.69660668671825,9.72307692307692,21594.7999999998,15294.7999999998,7.35502952788714
"2023_Q2",-0.536830794938038,-1.02124397802424,-1.08574417363391,-1.87946020794872,9.96875,-6922.76000000018,-13262.7600000002,-4.85832966192347
